epoch,time,train/box_loss,train/cls_loss,train/dfl_loss,metrics/precision(B),metrics/recall(B),metrics/mAP50(B),metrics/mAP50-95(B),val/box_loss,val/cls_loss,val/dfl_loss,lr/pg0,lr/pg1,lr/pg2
1,18.9681,1.34193,3.55991,1.31613,0.00262,0.44444,0.06493,0.03227,1.23746,3.47178,1.17368,4.287e-05,4.287e-05,4.287e-05
2,23.9385,1.25985,3.52282,1.22232,0.00313,0.44444,0.10896,0.07039,1.32023,3.49275,1.17371,9.90397e-05,9.90397e-05,9.90397e-05
3,27.7926,1.17493,3.20454,1.19966,0.00362,0.44444,0.1089,0.07048,1.32728,3.49006,1.1741,0.000154078,0.000154078,0.000154078
4,31.6511,1.24099,2.62587,1.17497,0.00469,0.44444,0.11106,0.07026,1.2857,3.4448,1.20688,0.000207984,0.000207984,0.000207984
5,35.8335,1.25871,2.07844,1.18395,0.00536,0.44444,0.10995,0.0746,1.28458,3.33212,1.22896,0.000260758,0.000260758,0.000260758
6,40.5051,1.50869,2.12453,1.17849,0.00551,0.11111,0.11349,0.08928,1.29948,3.28769,1.25381,0.000312401,0.000312401,0.000312401
7,44.5343,1.26975,2.06779,1.133,1,0.04081,0.13058,0.09469,1.43547,3.27373,1.35444,0.000362912,0.000362912,0.000362912
8,48.6849,1.2232,1.95821,1.11401,1,0.03108,0.12701,0.09557,1.45231,3.24122,1.35232,0.000412291,0.000412291,0.000412291
9,52.7411,1.14055,1.79905,1.28805,1,0.03397,0.12186,0.0899,1.44081,3.17884,1.35523,0.000460538,0.000460538,0.000460538
10,56.7973,1.31016,1.83083,1.17311,0.90124,0.04527,0.124,0.08754,1.60823,3.28167,1.42393,0.000507654,0.000507654,0.000507654
11,60.73,1.25031,1.91535,1.17297,1,0.03682,0.12679,0.07936,1.68537,3.26395,1.50876,0.000553637,0.000553637,0.000553637
12,65.1411,1.20865,1.75525,1.21828,0.00676,0.44444,0.10176,0.06105,1.67356,3.37146,1.53845,0.000598489,0.000598489,0.000598489
13,69.988,1.07875,1.76816,1.08099,0.00725,0.44444,0.10065,0.04866,1.74619,3.53713,1.57142,0.00064221,0.00064221,0.00064221
14,75.7864,1.21249,1.70665,1.13052,0.90423,0.04726,0.1074,0.05844,1.77767,3.4827,1.61848,0.000684798,0.000684798,0.000684798
15,80.3197,1.18123,1.73387,1.2065,0.8901,0.05556,0.17244,0.13205,1.78939,3.49005,1.69906,0.000726255,0.000726255,0.000726255
16,87.3178,1.11107,1.80755,1.15739,0.8901,0.05556,0.17244,0.13205,1.78939,3.49005,1.69906,0.00076658,0.00076658,0.00076658
17,92.4385,1.20492,1.89419,1.10003,0.87227,0.05556,0.09761,0.0446,1.82303,3.58733,1.73444,0.000805773,0.000805773,0.000805773
18,97.5657,1.18134,1.71609,1.15757,1,0.05485,0.07422,0.03649,1.96043,3.68173,1.86659,0.000843835,0.000843835,0.000843835
19,101.843,1.16396,1.62274,1.16363,1,0.05485,0.07422,0.03649,1.96043,3.68173,1.86659,0.000880764,0.000880764,0.000880764
20,106.199,1.20192,1.55125,1.1219,1,0.05537,0.0898,0.03643,2.06211,3.57982,1.95706,0.000916562,0.000916562,0.000916562
21,111.294,1.07548,1.56422,1.08488,0.88055,0.09259,0.09452,0.03875,2.17623,3.36991,2.07699,0.000951228,0.000951228,0.000951228
22,115.994,1.07947,1.3987,1.07206,0.88055,0.09259,0.09452,0.03875,2.17623,3.36991,2.07699,0.000984762,0.000984762,0.000984762
23,119.969,1.21405,1.57755,1.10236,0.93065,0.09259,0.0998,0.03886,2.0827,3.42089,1.9419,0.00101717,0.00101717,0.00101717
24,124.389,1.01398,1.40451,1.08532,0.93065,0.09259,0.0998,0.03886,2.0827,3.42089,1.9419,0.00104844,0.00104844,0.00104844
25,128.032,1.13909,1.24812,1.07841,0.84776,0.11111,0.09248,0.0437,2.08749,3.42269,1.94319,0.00107857,0.00107857,0.00107857
26,130.824,1.13066,1.39411,1.05839,0.84776,0.11111,0.09248,0.0437,2.08749,3.42269,1.94319,0.00107532,0.00107532,0.00107532
27,133.465,1.17666,1.58356,1.15916,0.86418,0.09259,0.07535,0.04457,1.88573,3.21584,1.79681,0.00106118,0.00106118,0.00106118
28,136.21,0.99337,1.37499,1.06521,0.86418,0.09259,0.07535,0.04457,1.88573,3.21584,1.79681,0.00104703,0.00104703,0.00104703
29,140.216,1.07447,1.57757,1.11885,0.81381,0.09259,0.07943,0.04117,1.73668,3.45993,1.68781,0.00103288,0.00103288,0.00103288
30,143.669,1.13533,1.48253,1.10379,0.81381,0.09259,0.07943,0.04117,1.73668,3.45993,1.68781,0.00101873,0.00101873,0.00101873
31,148.705,1.09346,1.36948,1.02731,0.81435,0.09259,0.09574,0.0459,1.73127,3.61001,1.74776,0.00100459,0.00100459,0.00100459
32,153.624,1.05531,1.15076,1.0635,0.81435,0.09259,0.09574,0.0459,1.73127,3.61001,1.74776,0.00099044,0.00099044,0.00099044
33,159.254,1.12937,1.28792,1.09517,0.83242,0.07407,0.40793,0.26243,1.81801,3.62344,1.78998,0.000976293,0.000976293,0.000976293
34,163.888,0.90828,1.21696,1.02824,0.83242,0.07407,0.40793,0.26243,1.81801,3.62344,1.78998,0.000962146,0.000962146,0.000962146
35,168.071,0.82571,1.28057,1.05571,0.91597,0.07407,0.40996,0.23505,2.03405,3.46979,1.92119,0.000947999,0.000947999,0.000947999
36,171.876,0.93591,1.31083,1.06906,0.91597,0.07407,0.40996,0.23505,2.03405,3.46979,1.92119,0.000933851,0.000933851,0.000933851
37,175.147,1.10259,1.23214,1.01677,0.54796,0.24986,0.31597,0.21118,1.99571,3.43983,1.86834,0.000919704,0.000919704,0.000919704
38,178.226,0.94663,1.17508,1.03617,0.54796,0.24986,0.31597,0.21118,1.99571,3.43983,1.86834,0.000905557,0.000905557,0.000905557
39,181.226,1.01025,1.25996,1.08201,0.77131,0.38889,0.37706,0.2266,1.95943,3.48695,1.88595,0.00089141,0.00089141,0.00089141
40,184.823,0.97816,1.26213,1.04097,0.77131,0.38889,0.37706,0.2266,1.95943,3.48695,1.88595,0.000877263,0.000877263,0.000877263
41,187.933,0.9591,1.1843,1.02249,0.72542,0.35764,0.3661,0.22518,2.00622,3.63796,2.02653,0.000863116,0.000863116,0.000863116
42,191.415,0.97416,1.28311,1.04859,0.72542,0.35764,0.3661,0.22518,2.00622,3.63796,2.02653,0.000848969,0.000848969,0.000848969
43,194.487,0.95046,1.19631,0.99198,0.78123,0.3667,0.36795,0.21566,2.15908,3.91516,2.13759,0.000834822,0.000834822,0.000834822
44,197.702,1.07039,1.05903,0.98315,0.78123,0.3667,0.36795,0.21566,2.15908,3.91516,2.13759,0.000820675,0.000820675,0.000820675
45,200.469,0.90659,1.16471,1.00055,0.71997,0.37037,0.35566,0.22213,2.16411,3.8843,2.45803,0.000806528,0.000806528,0.000806528
46,203.348,0.97865,1.05513,0.97418,0.71997,0.37037,0.35566,0.22213,2.16411,3.8843,2.45803,0.00079238,0.00079238,0.00079238
47,206.036,0.94711,1.20892,1.06501,0.69775,0.38889,0.3576,0.21267,2.0739,3.67852,2.25699,0.000778233,0.000778233,0.000778233
48,208.729,0.90271,1.32595,1.0741,0.69775,0.38889,0.3576,0.21267,2.0739,3.67852,2.25699,0.000764086,0.000764086,0.000764086
49,211.557,0.99538,1.07148,1.03202,0.6965,0.38889,0.36461,0.19257,1.96199,3.48184,2.01492,0.000749939,0.000749939,0.000749939
50,215.063,0.91537,1.07032,0.97721,0.6965,0.38889,0.36461,0.19257,1.96199,3.48184,2.01492,0.000735792,0.000735792,0.000735792
51,217.613,0.86969,1.1033,0.9994,0.64439,0.44444,0.36263,0.19413,1.84899,2.9885,1.80354,0.000721645,0.000721645,0.000721645
52,220.107,0.91656,1.1665,1.03712,0.64439,0.44444,0.36263,0.19413,1.84899,2.9885,1.80354,0.000707498,0.000707498,0.000707498
53,222.799,0.86605,1.16359,1.03039,0.83178,0.44183,0.38675,0.23794,1.7678,2.63021,1.75197,0.000693351,0.000693351,0.000693351
54,225.725,0.93688,1.13619,1.04427,0.83178,0.44183,0.38675,0.23794,1.7678,2.63021,1.75197,0.000679204,0.000679204,0.000679204
55,228.371,0.84383,1.13127,0.99524,0.87928,0.40689,0.41571,0.286,1.63169,2.40744,1.71352,0.000665057,0.000665057,0.000665057
56,231.111,0.95822,0.98169,0.93852,0.87928,0.40689,0.41571,0.286,1.63169,2.40744,1.71352,0.000650909,0.000650909,0.000650909
57,233.831,0.92487,1.12399,0.99861,0.83354,0.38124,0.41646,0.27084,1.69259,2.39857,1.68937,0.000636762,0.000636762,0.000636762
58,236.33,0.86278,1.12977,1.0302,0.83354,0.38124,0.41646,0.27084,1.69259,2.39857,1.68937,0.000622615,0.000622615,0.000622615
59,238.964,0.94679,1.09271,1.03666,0.96782,0.3954,0.44158,0.25151,1.8594,2.52629,1.71106,0.000608468,0.000608468,0.000608468
60,242.085,0.84822,1.06908,1.03991,0.96782,0.3954,0.44158,0.25151,1.8594,2.52629,1.71106,0.000594321,0.000594321,0.000594321
61,244.816,0.81756,1.06487,1.03228,0.98363,0.3765,0.41555,0.24209,1.9371,2.67624,1.76971,0.000580174,0.000580174,0.000580174
62,247.309,0.79041,0.99847,0.97511,0.98363,0.3765,0.41555,0.24209,1.9371,2.67624,1.76971,0.000566027,0.000566027,0.000566027
63,250.13,0.86009,1.10062,1.02059,0.92606,0.37037,0.42759,0.24138,1.92627,2.74273,1.74847,0.00055188,0.00055188,0.00055188
64,253.113,0.9312,1.03461,0.9784,0.92606,0.37037,0.42759,0.24138,1.92627,2.74273,1.74847,0.000537733,0.000537733,0.000537733
65,256.132,0.8021,1.00296,1.03546,0.96362,0.38275,0.43448,0.26976,1.86103,2.72127,1.71876,0.000523586,0.000523586,0.000523586
66,258.886,0.85129,1.09209,0.96956,0.96362,0.38275,0.43448,0.26976,1.86103,2.72127,1.71876,0.000509438,0.000509438,0.000509438
67,261.734,0.80165,1.0118,0.98176,0.99201,0.36923,0.40404,0.24732,1.74854,2.66135,1.6559,0.000495291,0.000495291,0.000495291
68,264.142,0.78796,0.9563,0.98963,0.99201,0.36923,0.40404,0.24732,1.74854,2.66135,1.6559,0.000481144,0.000481144,0.000481144
69,266.714,0.7898,1.0553,1.01087,0.99146,0.37037,0.39785,0.24599,1.75372,2.67578,1.63659,0.000466997,0.000466997,0.000466997
70,269.971,0.75766,0.93677,0.97575,0.99146,0.37037,0.39785,0.24599,1.75372,2.67578,1.63659,0.00045285,0.00045285,0.00045285
71,272.825,0.82103,0.94191,0.96157,0.97278,0.37037,0.39107,0.23991,1.83481,2.73335,1.67572,0.000438703,0.000438703,0.000438703
72,275.599,0.81758,0.93167,0.95456,0.97278,0.37037,0.39107,0.23991,1.83481,2.73335,1.67572,0.000424556,0.000424556,0.000424556
73,278.59,0.69752,0.96295,0.97154,0.98512,0.36973,0.39638,0.23979,1.89232,2.72529,1.72665,0.000410409,0.000410409,0.000410409
74,281.2,0.84438,0.9069,0.91423,0.98512,0.36973,0.39638,0.23979,1.89232,2.72529,1.72665,0.000396262,0.000396262,0.000396262
75,284.201,0.83161,0.90032,0.95064,0.97464,0.36994,0.4001,0.2813,1.89552,2.80218,1.71908,0.000382115,0.000382115,0.000382115
76,286.934,0.70415,0.96839,0.96817,0.97464,0.36994,0.4001,0.2813,1.89552,2.80218,1.71908,0.000367967,0.000367967,0.000367967
77,289.726,0.82243,0.82462,0.93194,0.97094,0.37037,0.39531,0.28034,1.84025,2.76701,1.67939,0.00035382,0.00035382,0.00035382
78,292.461,0.80186,0.96698,0.9681,0.97094,0.37037,0.39531,0.28034,1.84025,2.76701,1.67939,0.000339673,0.000339673,0.000339673
79,295.859,0.70047,0.9671,1.01938,0.95917,0.37333,0.41898,0.29348,1.90184,2.70064,1.67308,0.000325526,0.000325526,0.000325526
80,298.702,0.74435,0.80975,0.9308,0.95917,0.37333,0.41898,0.29348,1.90184,2.70064,1.67308,0.000311379,0.000311379,0.000311379
81,301.632,0.76689,0.78681,0.94508,0.82104,0.40741,0.42653,0.28833,1.88912,2.72476,1.67205,0.000297232,0.000297232,0.000297232
82,304.425,0.74817,0.87194,0.95662,0.82104,0.40741,0.42653,0.28833,1.88912,2.72476,1.67205,0.000283085,0.000283085,0.000283085
83,307.06,0.6778,0.90977,0.93417,0.92431,0.40698,0.4302,0.29921,1.85653,2.68004,1.6609,0.000268938,0.000268938,0.000268938
84,309.92,0.77376,0.8733,0.97086,0.92431,0.40698,0.4302,0.29921,1.85653,2.68004,1.6609,0.000254791,0.000254791,0.000254791
85,312.587,0.77741,0.82002,0.95067,0.93632,0.40709,0.43736,0.29907,1.85032,2.70105,1.66291,0.000240644,0.000240644,0.000240644
86,315.194,0.79255,0.91728,0.99541,0.93632,0.40709,0.43736,0.29907,1.85032,2.70105,1.66291,0.000226497,0.000226497,0.000226497
87,317.841,0.80902,0.95418,0.97086,0.94002,0.40521,0.44086,0.29808,1.8469,2.70476,1.67911,0.000212349,0.000212349,0.000212349
88,320.779,0.72773,0.92395,0.94079,0.94002,0.40521,0.44086,0.29808,1.8469,2.70476,1.67911,0.000198202,0.000198202,0.000198202
89,323.139,0.75576,0.85409,0.93875,0.92149,0.4237,0.44495,0.29198,1.87404,2.68286,1.70474,0.000184055,0.000184055,0.000184055
90,326.011,0.7107,0.92424,0.95721,0.92149,0.4237,0.44495,0.29198,1.87404,2.68286,1.70474,0.000169908,0.000169908,0.000169908
91,328.843,0.64913,1.05407,0.87058,0.91718,0.42593,0.44493,0.29403,1.86905,2.712,1.69075,0.000155761,0.000155761,0.000155761
92,331.345,0.64636,1.09546,0.93304,0.91718,0.42593,0.44493,0.29403,1.86905,2.712,1.69075,0.000141614,0.000141614,0.000141614
93,333.87,0.73089,1.15392,0.92166,0.925,0.42408,0.44705,0.29312,1.88382,2.6341,1.67341,0.000127467,0.000127467,0.000127467
94,336.48,0.76788,1.14375,0.91126,0.925,0.42408,0.44705,0.29312,1.88382,2.6341,1.67341,0.00011332,0.00011332,0.00011332
95,339.312,0.65195,1.00125,0.88522,0.91682,0.42593,0.44622,0.29303,1.93237,2.64105,1.6814,9.91726e-05,9.91726e-05,9.91726e-05
96,341.992,0.77159,1.16895,0.94459,0.91682,0.42593,0.44622,0.29303,1.93237,2.64105,1.6814,8.50255e-05,8.50255e-05,8.50255e-05
97,344.574,0.67307,1.01077,0.85486,0.91103,0.42593,0.44761,0.28542,1.9474,2.55413,1.67961,7.08784e-05,7.08784e-05,7.08784e-05
98,346.976,0.64937,1.13795,0.89855,0.91103,0.42593,0.44761,0.28542,1.9474,2.55413,1.67961,5.67313e-05,5.67313e-05,5.67313e-05
99,349.586,0.62858,1.08225,0.92977,0.9186,0.42593,0.4484,0.28634,1.95912,2.56232,1.69441,4.25842e-05,4.25842e-05,4.25842e-05
100,352.821,0.67665,1.00941,0.88342,0.9186,0.42593,0.4484,0.28634,1.95912,2.56232,1.69441,2.84371e-05,2.84371e-05,2.84371e-05
